<Ui xmlns="http://www.blizzard.com/wow/ui/" xmlns:xsi="http://www.w3.org/2001/XMLSchema-instance" xsi:schemaLocation="http://www.blizzard.com/wow/ui/
..\FrameXML\UI.xsd">

	<Cooldown name="TidyPlatesAuraWidgetCooldown" setAllPoints="true" hidden="true" virtual="true">
		<SwipeTexture>
			<Color r="0" g="0" b="0" a="0.8"/>
		</SwipeTexture>
		<EdgeTexture file="Interface\Addons\TidyPlatesWidgets\Aura\Edge"/>
	</Cooldown>

	<Script file="WidgetCore.lua"/>

	<Script file="TankTrack.lua"/>
	<Script file="HealerTrack.lua"/>

	<Script file="ClassWidget.lua"/>
	<Script file="ComboPointWidget.lua"/>
	<Script file="ThreatLineWidget.lua"/>
	<Script file="AuraWidget.lua"/>
	<Script file="TotemIconWidget.lua"/>



</Ui>